report_date,stock_code,company,fetch_status,published_wib,source,flags,title,link
2026-09-21,AMMN,Amman Mineral,ok,22 Sep 15:10 WIB,Bloomberg Technoz,,"AMMN: Cadangan Bijih di Tambang Elang Naik 2,6%, Batu Hijau 10,2%",https://news.google.com/rss/articles/CBMiswFBVV95cUxQWWx4cjNRcWhXZHp0QkN5RDJtWVE1TE5ETHBkMTk4SGU4bTRpVjRtN2lteGZyQnRFd3JBc0JIRjRjYndOZVZJVm9xdTJZLTJOMEtnWWtQdmg5S1NuTUJRREY2SlZxaWtIel8yWG5BSUdTdi1XZzkxanZUVENoRlI2cFphTHc2ZTlTNmotekNUVndYdGUyM0owV0xIQ0NqaHlhUFVmeTZVZGs5RHZScUdvdTdBZw?oc=5
2026-09-21,AMMN,Amman Mineral,ok,22 Sep 13:30 WIB,Data Indonesia.id,earnings,"Kinerja Amman Mineral (AMMN) Semester I/2026: Penjualan Tembus US$2,05 Miliar, Berbalik Cetak Laba",https://news.google.com/rss/articles/CBMizgFBVV95cUxNRXFYWmtnZFRLUzFZSXlyUGM1UGVhcW5FZ0h6dTd6em9qSE5fV1hVWURsZDJxNklNZ0xVVlA1bWFvbWxScDBUWlZEdk9GRG1RNXQ0X2FYbGh6ZTVJeXB6OTZmenZKSjA4Mk16OWE2b1R2S01GcExWNWN1WnZNVDlWOWVoVml3eWdaWl8yVHVzQUhpNUZ1SVczcndWUlZ5Nk8tdjROSzluR1ppM08wRTFfWXk1OVZqTDUtVVAycXF2MFJDenVRQ3N1VlhtN29Fdw?oc=5
2026-09-21,AMMN,Amman Mineral,ok,22 Sep 12:45 WIB,PintarSaham,earnings,Analisis Kinerja Keuangan dan Valuasi Saham AMMN Semester I 2026,https://news.google.com/rss/articles/CBMikgFBVV95cUxNSzIzZE0yX2F5OEw1dTRJVzVKNkZoazNjQUhjdEZ4RHIyYWRzNGRxb0kybUJSampBLUhhWHVuQVFpbDZCSjF3RmR0MktzUjAwX285SVpENVdTRjBHSTN4U05tbjJPVmEwck9vcHFMS1JsU3VoXy1uWWp3MWgzdUFnbXJnQ1lBOVllNm14ZDV1bGY5dw?oc=5
2026-09-21,AMMN,Amman Mineral,ok,22 Sep 12:20 WIB,Bloomberg Technoz,,"Produksi Konsentrat Tembaga Amman (AMMN) Naik 136%, Emas 481%",https://news.google.com/rss/articles/CBMirAFBVV95cUxQY2h0cE5nLW9xOWVWcWduWTNLSG5Nc3oxSWZ0eEt5RFdEeThLS3pIcXU4dWZJbDBIaGh0SFdGMUo4aWpibkJINEJGS1JqZjI1YUx5amhqVzhHRTRYUEVkRTVsQmx4Z2hhbU9wdzFQTmRYQm9iUlk3YnRNaFhiSmJSc3MtSmlYZ2JOUmdzMzVVazVoNFNZYzB6Tk9yRVE0RV9uWWJsazl1T2RMMTFu?oc=5
2026-09-21,AMMN,Amman Mineral,ok,22 Sep 12:14 WIB,kontan.co.id,,"IHSG Berbalik Melemah ke 6.313,6 di Sesi Pertama, Top Losers LQ45: ISAT, AMMN, MEDC",https://news.google.com/rss/articles/CBMiswFBVV95cUxNNzl6MWRDaGhNc043TDlCS1JKUTVyYjNRR1pGb05HOE1QbmJhZEowN0tEazU4VHhuNGdSZGJmdl8yNWtpWGhEWGJ4YURvbUw4ajZGYTFWY08tLWNhTXdzeXRiMG5fMVU5SVlWYVZiNzNYV2pqR25FWkl0NzlrbVJ3d2Y4RHBNM1pxbEw1X3g1T1ZIVmpxa1Ztc1FFYnBHdC1jRmdfQVJhVEV0bkpkT2RKdklWMNIBqwFBVV95cUxQTXpXYkhaYTZic3lzV2ZfcWdyMDFLR1NOWHQzSGNiZDdKbDhnX21uSFh2R2pQSi1TVWFla2ZZN3lXeUlJV2ZPTS1POHJYTnFvZmRTZzFXNFlONC0yVG1kOVNHbzZvWVdpblJ5RXlMNmxJdTNQWUpfeUxTZnJrd2dyRlpHWURQNG1YN184d1FybUxNNnRfZkNhVzlfZjdNLU1JUkZQQ0ExY2lsRXc?oc=5
2026-09-21,BBCA,Bank Central Asia,ok,22 Sep 15:03 WIB,money.kompas.com,,"Big Banks Jadi Sasaran Jual Asing, BMRI Hingga BBCA Dilepas Rp 1,61 Triliun",https://news.google.com/rss/articles/CBMiwgFBVV95cUxPTWtIVjBhOHI3ZnVmbnFiR0thclp5T01jbzhnYWpkeGdJbUxETkxCZUticzVhTTFqTG5pQWRzZ2k1ZmpMRnpULVp5MjFQZ0E4Q255a2xSLUhmUjJzcnVZMWZaWnMtdGY1OUxIcmdURHpIa1J4bllpdHBRazVid21wWkpNNzJHZU45T3dYeVBoS3A1UG9EQ2JiMGh5bEtvQmpTSVBOZGdYcjZxYkhVWlE3ZDQwTmh2Snc3Mjc2Z0hiLTU0dw?oc=5
2026-09-21,BBCA,Bank Central Asia,ok,22 Sep 11:05 WIB,Pintu,,Harga Saham BBCA Hari Ini 22 September 2026: Melemah ke Rp6.200,https://news.google.com/rss/articles/CBMigAFBVV95cUxPUEk1ek9MR3dZQS1jR1pEaGVKUGtQV045YjUzQlhkWm1LNWtWR0E0Qm0wUUJuTHNOMHI5bnJZdENwOU9ja0QxWmhtZlREZXktS25NOEoyN1VFa05QVzZYNjFyLXR2bkJUSkZJOGp1bzk5alJIRkJraVdiX1A0ZDZGMA?oc=5
2026-09-21,BBCA,Bank Central Asia,ok,22 Sep 10:35 WIB,Bareksa.com,,"Rekomendasi Saham Hari Ini: BBCA, EXCL, INDF & PGAS, IHSG Diprediksi Konsolidasi",https://news.google.com/rss/articles/CBMixAFBVV95cUxQOXJYdEFZbFkxRVVsaEIxRUM5MG9aZER1NnUxQ1ZCNURqUTJZODBYbndaX3dubktjbV9sNE1ia09rUFNvNF9CRjE3SF9mU1U5TC1UVlpVVkxFX21RdE5NWUJVRFZVWFM0QzROSFVxYWk0SWkwTzBrWTVEYk9GTzZRaGxCZlNRRURaSHFlREhhSWV6MHUteHhHanhET3VUek5xT0NGMnVVckNHb3pyWUVLcEwyZ3FSbG1uZUpndXE5Y25zU3Uy?oc=5
2026-09-21,BBCA,Bank Central Asia,ok,22 Sep 09:35 WIB,FORTUNE Indonesia,,"Harga Saham PT Bank Central Asia Tbk (BBCA) Hari Ini, 22 September 2026",https://news.google.com/rss/articles/CBMiugFBVV95cUxOQWRkZmZ0TFFkbU5WLVZxeWF1RjVETVJWa3IzSmdNMXZFUXZBTUNOdnZEc1o4Q3N2eno3d3dSNnJFemFjVng5X1NrNVpZVHJxd3pIbFQzZU9pYzMtSFlBclY1ZTBIcVk1cVR6ckhXWjRLM0FudmZibS1KWXI3Y2lRRHZRTnFVaGlnakdrRHNkTHVZc085cXRSRG5qQThXNzBReHFUaU1TS0Y1MHE1VC1peXE3bkUzSVpHb2fSAb8BQVVfeXFMUENpSUozZnprR0ZuUGpRbG9tazdzUi1PZXZvbDI1SGFZczRMWlliNXN5Ml9fRkw0Q28zZzBPTUNLUEtaR1AyQWxrWU9CMDNmamEteU01OG0yUE41ajlsY1BiN05NQ19rN21zaHBRbnVmX2ZHcGxiVVpFTTQ2b0VWVFFfaFFFeW1ySlVxTHlDQmJZY05QNkY2b0E2WjFQVTQ0eVBrVVJSRFlLbElibG84ZVl5RVd1VS1JSlhLS0s2N0E?oc=5
2026-09-21,BBCA,Bank Central Asia,ok,22 Sep 06:12 WIB,Readers.id,,"Saham BBCA Anjlok 4,23 Persen Sepekan Jelang Perdagangan 22 September 2026",https://news.google.com/rss/articles/CBMifkFVX3lxTE1nSjFHRUMwQXRzYk9CNHRLRHRZYTM4T29XaVZlcHJUV0ZKeWZCb3hCQTNyQXVqaVNFMzZVUE1FaFNZSDdTTzlNV0VIUVdzeUJqUXZkQWNTX3QzckFqRlVXZmtGU04yV2JJckFhUjFweU5IZmhraXNEWkYxYUJTUQ?oc=5
2026-09-21,ANTM,Aneka Tambang,ok,22 Sep 14:00 WIB,Priangan Insider,,"Harga Emas Pegadaian Hari Ini: Antam, UBS dan Galeri 24 Kompak Turun - Priangan Insider",https://news.google.com/rss/articles/CBMizgFBVV95cUxQRnJXVzZIUEMwZ0FBNWVCaGk5OFhYV05SNnFIbVk2ZUh3ZmpqLWgxYlBEbUZqMmVBMXhCcjhmSmlDS0xWaVN4S0pna3F5V0xnNzB2WjZlYmN5Q21sblNLMEJMMVFabUFpM1Vubnh1WEMwMldhQlJTV29UQ3NNajV1M1ZpOW5HWUNNakd0cGZUZ2lmbERRLVlYMlRRbWZValJUbHhzT2h5aVVhZUFTbWJYcjJ2YjFJTjEyem9ubDcxTjVaOUxIOFhsVnl3a25FZ9IB0wFBVV95cUxQLUh2aW5vNWEtRm0xY3NpNTBINlpuaUlxbzk3V0lEZklwYnRoZE9rSnEwZUwySzhlTWVpd0dmQmFyYjd5NEN5NDNfOTlCaWh2c0ZhX1FfanBmRmQzbTcxZFNjUkdGMm52ZVZtTm1GZVdrVW9jaUkwb2d5M0hsQlFIam9mMmVGeWZfNkxGanUySS1FblVBWjFtVm5wbEpWNkd1UUtsc05NQUJxQVAxMjdkTmdVNkdBNnBGUDN5Ui16X0tzeTlickszb1JlRE1jNFpFZ2Nj?oc=5
2026-09-21,ANTM,Aneka Tambang,ok,22 Sep 13:00 WIB,Priangan Insider,,"Harga Emas Antam di Pegadaian Hari Ini Turun Rp10.000, Cek Daftar Lengkapnya! - Priangan Insider",https://news.google.com/rss/articles/CBMi3gFBVV95cUxObnJpUXdpQW5mU0ZqSkd1RHlZc1FTc3NuOHhqMjZ5SDRUVlg2eEprZ0pad2xoNmF2eGFLYk12d3hfai1qd095Mm9GNE1ockxjanBoalNCTFFWQ2l6LUpUQ2tNREppdndqNjRucHFwQTNObHRwT3BQS24yOVdDY3AwU2QyUUJRM3FQRi1hQzg4b0VaQjBVX2hqdDVJcVJ3VHE4aFBmVUNNbzdQWlFGSTVOcGRXZFQtOEpkcjM1OUdvSFkyTktZcUVEUTN6RjVpc2xLVzA2bWd1UUpmV1J5V3fSAd4BQVVfeXFMTm5yaVF3aUFuZlNGakpHdUR5WXNRU3Nzbjh4ajI2eUg0VFZYNnhKa2dKWndsaDZhdnhhS2JNdnd4X2otandPeTJvRjRNaHJMY2pwaGpTQkxRVkNpei1KVENrTURKaXZ3ajY0bnBxcEEzTmx0cE9wUEtuMjlXQ2NwMFNkMlFCUTNxUEYtYUM4OG9FWkIwVV9oanQ1SXFSd1RxOGhQZlVDTW83UFpRRkk1TnBkV2RULThKZHIzNTlHb0hZMk5LWXFFRFEzekY1aXNsS1cwNm1ndVFKZldSeVd3?oc=5
2026-09-21,ANTM,Aneka Tambang,ok,22 Sep 11:37 WIB,money.kompas.com,guidance/target,"Foto : Asing Akumulasi Saham ANTM Rp 857 Miliar, Simak Target Harga Rp 3.490 Halaman 1",https://news.google.com/rss/articles/CBMixAFBVV95cUxPTVRCVWJKazU3UnFBRGRVRWtPT1pHM01IenpZMDQ4eks2d2pCZ3VVVFJENmhfUXFNdUFhaE1ITnhORU0xV21qWWpRdzN2SEtYS2FZdXYweWVVbVQzRHlsbF9iQ25obDQxTUFTYTNTV1pnTTFDaUxzYjBWVjFyODlpTUhOZGtQaG0zLXBtODlOT0dGckdzcDh5enZsQV8wdzYyMkNrNHVEQk90RmxLc3Y5bWF3d2hVTzVDZDh5M1pfVE5BaGox?oc=5
2026-09-21,ANTM,Aneka Tambang,ok,22 Sep 11:05 WIB,Pintu,,Harga Saham ANTM Hari Ini 22 September 2026: Melemah ke Rp3.230,https://news.google.com/rss/articles/CBMigAFBVV95cUxPRlFzaTRnWVdUYm5HUzExckZaS1dtTUVJZkxsR0V2MFZReHNBQ2lCZDFiR1lnaHVhcjl5NXBYbjMxMk1YWE96QXQxbHlwb0F0ck5kVHJiTjFyM2E0RUtxdGJmNmNiS0RwVVBDSmRMTy1RdXg1RUFMVGhPV09CbC1TMA?oc=5
2026-09-21,ANTM,Aneka Tambang,ok,22 Sep 10:48 WIB,ntvnews.id,,"Harga Emas Antam Hari Ini Turun Tipis ke Level Rp2,62 Juta per Gram",https://news.google.com/rss/articles/CBMiqgFBVV95cUxNVWItMzdrT1hQNTdGN1NOSC1mOFl2Y2lvTVVfOU1CbGRDUXRCQzNqVlpIbWhUUW1NZnFibzZXTnU3SFNpTkpZNW5ROHdQMUJjbVdqeVVfRW9rbWlUWm9hWDZ3YlA0bWU4NzBYS0Z1YTUyWXJpWEYyeDdnM0p5MHhiN1dvODZyeXlzNWJsVDYtSnlLOE5JMG1hNnB4QkY3ZHFYOWJ5TW1jQ21LQQ?oc=5
2026-09-21,BUMI,Bumi Resources,ok,22 Sep 14:44 WIB,RCTI+,earnings,"Kinerja Keuangan Tumbuh Positif, BUMI Lanjutkan Strategi Diversifikasi Usaha",https://news.google.com/rss/articles/CBMirAJBVV95cUxNVEE5ZW9rbE92R0pDeDBUSGpqWGtXYWxtWURpYjluWGxubS1EdkRsLTAtYmM0SEQ2N1BEb2FtTlVOcXk2SDdlNXpFS0ZDSjRvTXJXUVhCUHlEeEFJTWdFbWhtRzQ5WEhqa05aZHh4VWNMUmxhcDRWUWtXR3g3aUNGdXNYRjEyM0tvcGlrYnpGQ1B3UURfRmVBbkFpMnNYckFNQlN4RzRUMXdjbFAzVEg5SmR3eldxWmptOTRhcW9sUHBYMzkwaDRNY3plZE1yaXM2ZllWZEhWVXRoTFdUbzZMVWhyMThhUk02Q2RMVjVmWElHZkUyLUhNX0YtVlVnSVlTUlBNaDZ0bWdnTjR2MExWQXhidXFGc2lLY29uOVRzeDkyc0NISEl2RkRHTmI?oc=5
2026-09-21,BUMI,Bumi Resources,ok,22 Sep 09:45 WIB,FORTUNE Indonesia,,"Harga Saham PT Bumi Resources Tbk (BUMI) Hari Ini, 22 September 2026",https://news.google.com/rss/articles/CBMitgFBVV95cUxQcTVUNWEzdWhReFlDbVc5eHRVRUNxOVVkQlFZNi1ES0N3NjY3SC03bXY5d2prNEhUS2QxcG5tVFlYZ3VKQ0sxU3RxRTdPdkUzRUJ3QlNNQlNQQjg1dVJybzRCT2lYd2Z6VHFhSnNDNDBkSGdheEFOY2c0NTdQZzh0Z2k4SUNVUm5zaDBXcTBJbUo1cV9jMFQzUEN1bWtMRFdEenF0ODhjVW9pekNLV1ZzZTBjTkh4d9IBuwFBVV95cUxPdTNFVTFPX1ZnQ3pCdFlMcTh1MDFyZzJqRmdmTURzTlgxQ1JJdFZJWVUxVHBPem5ITXIwQ0tXMl9LallZX2ZxZF8xVjVwVzI2X3hiTHhPUm14NmdnYlZEQUNsVTJ0YmdKNUQ5TzY2dm5oQk80NEI1MGdFREZKTGlkeVNBT2Z6STc1UngyNXlxbnp2cW8xRTlTUjluVGR2aGZsNWs3b0c4Tk9YNFhWd1ZNVkw4NmFuWnQ3UGJF?oc=5
2026-09-21,BUMI,Bumi Resources,ok,22 Sep 09:28 WIB,Suara.com,,"Asing Mulai Borong Lagi, Saham BUMI Siap Rebound ke Level Ini?",https://news.google.com/rss/articles/CBMiqwFBVV95cUxOZ0FoUTVNUFpQWE9NYVFZNVBsLVo0eFRVWGd4MGFVdVpONmNwVkVsd1RzazlOTnMtNFpmSFZRZ0JONVVkTUJyM2g1bFR0TFFyeVJVYS1yYWtxZjNHT3JHWXczUXZoekgyNUxWbUd1eTVsWm04dzltQmhPZEdwekZKQjQtNjN6VDJ1bWhuWnlUN1l5TmwwMC14d0JFZ3FkNS1ORFJERHBOLW9KTUHSAasBQVVfeXFMUGdoQVlQclZHei1HSW5IODY3V29zb0hxVGJPR1JVakVuWmZKM0h0akpJck5SN1o1MnE5WmxTbHloLTVmbVZJTUsyMEZmeHk2TWF3bFA1dlE1b1M0XzdLSndUdWM5dUpMb3V4SGF5RXpMZHZhRFRRVEpSRGd4Sk5zT25sWTk4WWpwYTVObzF2Q3g3dmJaRDF1anFlNTJ0R0dwSV84cTZ0aUhSV180?oc=5
2026-09-21,BUMI,Bumi Resources,ok,22 Sep 07:34 WIB,Readers.id,,Saham Bumi Resources Berpotensi Menguat ke Level Resistance,https://news.google.com/rss/articles/CBMimAFBVV95cUxNT0Fma2RqMm03T0VqZlVVLXNnUUlzZ25uam5CZmwyZlBzMHhhenBzSHp5QlMwWjdLUHc5WmxpWjhZVk5ZOVUxQnpxYUlzUjFIY1VUaGF0RklPbl9CeTRfZmRWdmM0Zm5HeVNCbnZnZ0hjejVVUEY0MGc5S055RE55cXFpNG10MDUxeGJnSUYwck1oeUJ0cEFiNQ?oc=5
2026-09-21,BUMI,Bumi Resources,ok,22 Sep 07:29 WIB,investor.id,,Meraba Arah Cuan di Saham BUMI,https://news.google.com/rss/articles/CBMickFVX3lxTE83cDFOeEk2MEtxODJ1SE9kT3liYVN4bE1YdmFDa19iWFI0OTNMQmI5Zk1wTmNsZ2M3dlA2TkJKT0JqTkQ4eHk3RF9NaEt2Q01meXpNUUl1MzhHbU1PX2VSUU53aTd5bEFkWDlnQU9jNUpVUQ?oc=5
2026-09-21,TPIA,Chandra Asri,ok,22 Sep 14:02 WIB,Investing.com Indonesia,,"Dari Back Office ke Strategic Business Partner, CASS Dukung Transformasi Chandra Asri Group Oleh Pasar Dana",https://news.google.com/rss/articles/CBMi3wFBVV95cUxPMjlIZG8wRXZRX1BKMDdrSjZtWHRZZ21tODdTTlZOc2RCNGc4QVRTLWNjSnBMN1k3a0U3dldzRWpjalhfRHNmUlFDUUU2NlctS0owNm5qbjJZZlViM0xCM3JGTTNmejZpazdPMlpjaWNXU0NfaDZ2cWxRSThnMHZnQ0pTRDFpSlgwcWxxYjRHZW9UckFubmduWmI1bjhQV1BBR2FsYnJuQ0V6XzVXQzQzNTZEZkdXdXZTWjRuT240ZlJxRWRfWHhXNUwtcXh1MVU3NUp2OUQ3STM1RjdqQXhn?oc=5
2026-09-21,TPIA,Chandra Asri,ok,22 Sep 13:39 WIB,money.kompas.com,,"Asing Net Sell Rp 351 Miliar di Sesi I, Saham TINS hingga TPIA Paling Banyak Dilepas",https://news.google.com/rss/articles/CBMixAFBVV95cUxQTU1ydGItU3ZJUU82TGp5NFNmZW5CdUl6SGFFYmVlY2dPSUh5aE5FUnFCdnBTRTZjR0VNWF9JMXdTSVhncWNLZDNtNHNRTkZQbndNa1hIbFgwLXpTUU1iWVZ0WEJub1UzRlV4ZVlGYkF1VlZDLVlKVEVWQmdueDE1VW55YTc4SEtPMmhGYS1uaW5rbkVBN2hVdENmakpkNTQzcWxMa3lPNEgxS0tDQms4eWhGck55VzY0eHdUc0xNMzRSUVUx?oc=5
2026-09-21,TPIA,Chandra Asri,ok,22 Sep 12:46 WIB,stockwatch.id,,"IHSG Sesi I Anjlok 1,11% ke Level 6.313, Saham BYAN dan TPIA Tertekan",https://news.google.com/rss/articles/CBMikwFBVV95cUxPQ3ZpMEpobkhKdWZJQ1ZnQ0ZsMkE3Tm1RSV9jUkhDYTlhNWhoZDczVzZOeTc1bXktSmQ5aEFPNDZaMzdicUNYSmQzX205NjQydGVTRmlrSDFTR0dncHhsU3RlbjNmdUE1b0ZOUkFvQ3hkXzBIRGZxQVQybnhCWmhfOVZjbkpZQjAwX0F0S0FwSWlpUlE?oc=5
2026-09-21,TPIA,Chandra Asri,ok,22 Sep 12:39 WIB,pasardana.id,,"Dari Back Office ke Strategic Business Partner, CASS Dukung Transformasi Chandra Asri Group",https://news.google.com/rss/articles/CBMixAFBVV95cUxQdVNQeTJEemNEQ1pRR3VYTXk0eE1HM21pazU5aE42czBMNFREdFJXOHFWa3Jvb3hwbnJPbjdIamJMdFR2bkVORDI5T1l1OFlfU2tVQzNhWUxKN0F3UWQxLTZoUFVHMGJhTm9FMC1iUXRYOWNYR0VDUW9WTkoxS3AyT0lRRTVEZVhDcVVfOFd1TjBmTGJJRXlSSkVTMlBSeXl0MUNTZGJnYUtpRXVwNkVpTnpxVnVldWtkUDNSSXROeVlnczZ3?oc=5
2026-09-21,TPIA,Chandra Asri,ok,22 Sep 12:09 WIB,kontan.co.id,,"Chandra Asri Group Dorong CASS Jadi Mitra Strategis, Bidik Integrasi IT pada 2027",https://news.google.com/rss/articles/CBMitwFBVV95cUxPUjR5MWtGbzlRWklScGYtUDduTnJSaFdkWG1wejZWdDRqZFV3Ump1bUdVYUZvMnJyelpmd1VIVEFJcFo1dUJ3WlpRZ3ctbzItWV9jUVRBaTRueTZERGwwUGFnQnMzTkU3V2FsbE5GcUNqMG1pU2hHZ2lZYVUzbWttVG9sc2FsdWRoUkxiWlJvSFZ1VW9qaDR6bmRIYVBmb3lVelRVbUN2UGd2dllZS3loQ05pYklUVGvSAa8BQVVfeXFMTnE0OVBMZElWRkhVbDltM0p5VTBYRTA1SlZHMmdGMFA1b2NqT0d0NHBkb0kxM0d0MDhoZUVhNnRFRllPaVpXYXoyVU5MTDQ2Q0hnb24yaWlOWlZXOHdmZHlwZHBKVXZmcHAxbTh3c2ExVFgxcWdXSkUtSHZydnkzNFJfdGt6M2N6X09yUDBQZUNWbW9sbjFWM0c4cHFCWkVoZnpUUzYxdGtMdmJYY3c2QQ?oc=5
2026-09-21,BBRI,Bank Rakyat Indonesia,ok,22 Sep 13:54 WIB,Warta Ekonomi,,"Investor Asing Net Sell Rp351 Miliar, BBRI dan TINS Paling Banyak Dilepas",https://news.google.com/rss/articles/CBMirwFBVV95cUxONDFxa3NUWmNmUjhvbUlzdW03bW9pLXZSLTN6SGJMNmd2V0tXbEpfX1VRYW9jdzJ5d19RMmpDZHN3M09HQXBkMER4M2k5eXhFTkRwSG1qWXRNZTA3Qko0dFEzbDBkOF8yckxJWnozR3haZWdZTEFqWHVPMS1EVWttSGFfQ2VtMDhQdUNpdFNYc2dmd09KalN3dDc3S0V5RWZ2SDU3R1B0RmZIOXdFTURZ0gG0AUFVX3lxTE5yQ0otdDNQTlQ5SmhfZTBTcVZsNFFsX2VGZXZLM2RwbWJ2dHQxS2hFY0FnR1J4WDhsa3l3QXN2RndRaWtjQmNFcWM3MzJaOWRfeUhtVWtzVEQ3X0Q1SFliQTBpeXV5YXdXd2FiOUs0c2JyOC1rQ1VlTHdpVHo3TnlSMHdCYWZmUHVyVzVkaEJTQ2NPcUFGN0lhYnhVS3hmT2Y5SUFMcUhUWnYwSnp4UUVRMURmUA?oc=5
2026-09-21,BBRI,Bank Rakyat Indonesia,ok,22 Sep 13:32 WIB,investor.id,,"Denyut Baru BBRI, Peluang Cuan Mulai Diintip",https://news.google.com/rss/articles/CBMigwFBVV95cUxPUWxaXzIyTnJLNlc5QndrZThpdEdDMG5nQjl6MUE5RFpNTDNMeER1ZGJ1R2psbGlkVDVYVWQwNVdCNlRFVXhjd19qeXlHaUhwd2lPR0NZSkpLUndTRm9mamM2Uy1Wa2dZbEx5TUhxSDZkUU42ZXc0SWdpd1c3S0tkMWJrOA?oc=5
2026-09-21,BBRI,Bank Rakyat Indonesia,ok,22 Sep 13:03 WIB,investor.id,,"Saham BBRI Putar Arah, Harga Masih Bisa Mentok",https://news.google.com/rss/articles/CBMihgFBVV95cUxOd19PcXJyMVZCVy15dU1MSUFPNF9PLTNyaWZEb1Ywc2hTenp0WjUtSzFfYm1ObFVTNm1PQmxSdHdHY3d4TWRqMWg0OW9VSWZkYVdRS3JaVkNjMmZUbXZfLXo2QlBJNFJ3LXlMbUVoNU5kYUxwZmxEei1yZ1V4cGh4eU9yV0laUQ?oc=5
2026-09-21,BBRI,Bank Rakyat Indonesia,ok,22 Sep 13:01 WIB,Herald.ID,,"IHSG Tertekan 1,33 Persen, Saham BBRI hingga BYAN Jadi Pemberat Utama",https://news.google.com/rss/articles/CBMingFBVV95cUxPN1AzT3Q0VXZWTjlZWXBNMDhqT3VPbUZ1eG5BTEdNMDVZT0ZsQ3hValdBbEtxS0ozdXVlcmd1em9UdE1ROWNvX3NVenpLUHVqRVVUY0RRTldJTy0wYUFidEJyanJEdlIzdExnZkxNRi1scmpGZjhjT25ibHl2NFpjZkFOcmlnMGY5REtNSmxjZ2VPNFlzZUxscGFOeVVDQQ?oc=5
2026-09-21,BBRI,Bank Rakyat Indonesia,ok,22 Sep 11:05 WIB,Pintu,,Harga Saham BBRI Hari Ini 22 September 2026: Melemah ke Rp3.230,https://news.google.com/rss/articles/CBMigAFBVV95cUxOeVpRMnVUd1V2VWZZSWF3QVFlMzhKWXNaUFZjMjljVHZuUzNqcnhQUjFnZWpabWprbml3UzBVV3U3V2U0TlRqRE05OXVzT0hIVG1SNDVkU2dhRmViM3FmeFdvNWRWelpYRVBQQ3NYdGJ6bV9wd3d0LTF0MXlIYnVMOQ?oc=5
2026-09-21,BMRI,Bank Mandiri,ok,22 Sep 15:03 WIB,money.kompas.com,,"Big Banks Jadi Sasaran Jual Asing, BMRI Hingga BBCA Dilepas Rp 1,61 Triliun",https://news.google.com/rss/articles/CBMiwgFBVV95cUxPTWtIVjBhOHI3ZnVmbnFiR0thclp5T01jbzhnYWpkeGdJbUxETkxCZUticzVhTTFqTG5pQWRzZ2k1ZmpMRnpULVp5MjFQZ0E4Q255a2xSLUhmUjJzcnVZMWZaWnMtdGY1OUxIcmdURHpIa1J4bllpdHBRazVid21wWkpNNzJHZU45T3dYeVBoS3A1UG9EQ2JiMGh5bEtvQmpTSVBOZGdYcjZxYkhVWlE3ZDQwTmh2Snc3Mjc2Z0hiLTU0dw?oc=5
2026-09-21,BMRI,Bank Mandiri,ok,22 Sep 13:47 WIB,NasionalNews,,Bank Mandiri Taspen Dorong Digitalisasi Retribusi dan Transaksi Pedagang Pasar Kota Kupang,https://news.google.com/rss/articles/CBMixgFBVV95cUxON0JNVEZ4T3ZkdGtkRFZpY0lzd2NnRkMzWWpScHlmb0JZV2NqYkZMZVFNY0EtSzJ5XzBmSnotV0Q0WWZmTXdHVmpjbDFZOHQzbDFmVXhhZEo1dzZuSklXVDREZEJGcUp0NjVURGtSWi1hRzJqOGdJWlFaOVpfNGc4b1VVeEktamlaR1FjN3VBeWk1QmxhVmZtSFFaUlJKVVFfRTNfaEMxYVBtODl3Y3B5SEZzM3VMSmJkR01PelVyTWFmV2RzMEE?oc=5
2026-09-21,BMRI,Bank Mandiri,ok,22 Sep 11:05 WIB,Pintu,,Harga Saham BMRI Hari Ini 22 September 2026: Stagnan di Rp4.200,https://news.google.com/rss/articles/CBMigAFBVV95cUxPb2FsZmQzVVFaZEhNaUQtMU1xMTlYdENMckh0VWRkbXN1aVR6dGRQTjJqOTVYMmpMVDNYR2M0Wk53a2pnZkU3dWtYdFJPd2xsTzhoelNNRTlIMWQ0V0diSC1KNHhrOENRY2YyaklrMkU5Y0VvRHVPcVdRM1hjcWVKRg?oc=5
2026-09-21,BMRI,Bank Mandiri,ok,22 Sep 09:15 WIB,investor.id,,"Kurs Dolar AS di BCA, Bank Mandiri, BRI & BNI Hari Ini, Selasa 22 September 2026",https://news.google.com/rss/articles/CBMirgFBVV95cUxQZ2d0WFhTOERpQkRXUEZ6ck4xS1pSZHFlSzJyM3FMYUxQa29ycm1UY0VVV3IzMk1kUllJZlVQY1V3OWROb3Ewd0EwQXprd2VjTE9FRkg5MC1Uem82dm83SFlaLXhucEcyMmxieW5qZ3dOTFczbnI0UmZQMWdRSEtENnY2TXA2VndhYURsdmJERVEwOUs0VkgxakhuUlZkclI0UjBURFFpSDVhOVAyWWc?oc=5
2026-09-21,BMRI,Bank Mandiri,ok,22 Sep 07:05 WIB,Stabilitas.id,,"IHSG Prapembukaan 22 September: Uji Demand Zone 6.460, Cek Rekomendasi Saham MEDC, BMRI, dan BBRI",https://news.google.com/rss/articles/CBMivAFBVV95cUxPVGZOZENNOHU4RGxFc3ZzaEJqUWhEaFh2MnhJaXljUHhFOVdUMklVelhkZFB5MF8zMkZobWVFYUY0eWEta2dnbndnaDVsOGZUQjdvdEZJQU40N013NnJuTm5ON1pJb3BZd0tLZHIzLXFOa0hFLWhXSkEzMTR2X2w2V2NDcUdUdzBnU0xITVBQbXl2MTA2TWVUSHhYVW1hekdlRUdJdWVoMUJHcFh0UVpELVg0QVh0RmswNTdZZQ?oc=5
2026-09-21,TINS,TIMAH (Persero) Tbk.,ok,22 Sep 14:57 WIB,money.kompas.com,,"Foto : Asing Net Sell Rp 351 Miliar di Sesi I, Saham TINS hingga TPIA Paling Banyak Dilepas",https://news.google.com/rss/articles/CBMixgFBVV95cUxQaU5PQk0tYWNScW83Tm92ckdYclBKWXhUNW0wQngxNDIyMUFTOUpyNUVJQlhkbTV4Q1hjZTZHZVE0UHhDLVl4NEhrcjRPbUR5ekszZHllOUFpRHJyUkFNTEFWMUtsUDF0NW56ZGI0YTNHRUtZZ3R0d2lNMTBpSzhjUUYzbjBiQkVXdGttYmtrNjZsdmlYZnBGY3FiOVJqUmlBbXlDa3VVT3FVRHNINkxRRXdNZU5aZ25uWXJKQWpERkVmczlCZ2c?oc=5
2026-09-21,TINS,TIMAH (Persero) Tbk.,ok,22 Sep 13:54 WIB,Warta Ekonomi,,"Investor Asing Net Sell Rp351 Miliar, BBRI dan TINS Paling Banyak Dilepas",https://news.google.com/rss/articles/CBMirwFBVV95cUxONDFxa3NUWmNmUjhvbUlzdW03bW9pLXZSLTN6SGJMNmd2V0tXbEpfX1VRYW9jdzJ5d19RMmpDZHN3M09HQXBkMER4M2k5eXhFTkRwSG1qWXRNZTA3Qko0dFEzbDBkOF8yckxJWnozR3haZWdZTEFqWHVPMS1EVWttSGFfQ2VtMDhQdUNpdFNYc2dmd09KalN3dDc3S0V5RWZ2SDU3R1B0RmZIOXdFTURZ0gG0AUFVX3lxTE5yQ0otdDNQTlQ5SmhfZTBTcVZsNFFsX2VGZXZLM2RwbWJ2dHQxS2hFY0FnR1J4WDhsa3l3QXN2RndRaWtjQmNFcWM3MzJaOWRfeUhtVWtzVEQ3X0Q1SFliQTBpeXV5YXdXd2FiOUs0c2JyOC1rQ1VlTHdpVHo3TnlSMHdCYWZmUHVyVzVkaEJTQ2NPcUFGN0lhYnhVS3hmT2Y5SUFMcUhUWnYwSnp4UUVRMURmUA?oc=5
2026-09-21,TINS,TIMAH (Persero) Tbk.,ok,22 Sep 13:39 WIB,money.kompas.com,,"Asing Net Sell Rp 351 Miliar di Sesi I, Saham TINS hingga TPIA Paling Banyak Dilepas",https://news.google.com/rss/articles/CBMixAFBVV95cUxQTU1ydGItU3ZJUU82TGp5NFNmZW5CdUl6SGFFYmVlY2dPSUh5aE5FUnFCdnBTRTZjR0VNWF9JMXdTSVhncWNLZDNtNHNRTkZQbndNa1hIbFgwLXpTUU1iWVZ0WEJub1UzRlV4ZVlGYkF1VlZDLVlKVEVWQmdueDE1VW55YTc4SEtPMmhGYS1uaW5rbkVBN2hVdENmakpkNTQzcWxMa3lPNEgxS0tDQms4eWhGck55VzY0eHdUc0xNMzRSUVUx?oc=5
2026-09-21,TINS,TIMAH (Persero) Tbk.,ok,22 Sep 09:03 WIB,investor.id,,Bersiap Babak Baru Saham Timah (TINS),https://news.google.com/rss/articles/CBMieEFVX3lxTE9UdklsNXp1TVAxTk9URW9YSk5tNzRCaF90MWcyd3BYa0c1Mk9RbHVTbUw2cjhLdExuTlhuY2JHcUxzZndmYy1UanBON0xkMTZ6Zl9wajNkMnktSVJwUTF6Ylk1c0UydmpWNDBsYXlwMFpyWHJmVnBOcw?oc=5
2026-09-21,TINS,TIMAH (Persero) Tbk.,ok,21 Sep 10:35 WIB,journalarta.com,,TINS Katalis 2027 Bursa Mineral Komoditas Strategis,https://news.google.com/rss/articles/CBMif0FVX3lxTE0tQ052MnRiQWxtWnJxTDZUQ3FjaG45MmpaOHpUTkoyWDNUUG93bllWUFJYTkdBX0EwU0xvZTVNdXV0a1RrSHBHckE4YUFGQzh1UkNFMkVLcDZLTVBzZzhyMHpjMEdUUk5zN3lDdW1ORjRpQmhnX3NvMHdfZUE2N2c?oc=5
2026-09-21,BULL,Buana Lintas Lautan Tbk.,ok,22 Sep 08:13 WIB,TopBusiness.id,,"Kans Pasar Masih Cenderung Melemah, Berikut Saham Pilihan Hari Ini: TPIA, BULL, BIPI, ARKO, MEDC, dan COIN",https://news.google.com/rss/articles/CBMi1AFBVV95cUxNSGZ2RXBZbXZaOTVaQmtlaThLRlZOa2dpSDltZmhfQl9CYnh5d1htLTBMZDBrNld2ZWV3eXdhczllWFYwY0VCU3BNYkkzcG9CZWhfVlU5T01QUDEwWjdfRndudHlQX1JiWHVKZlR5RkNEVmQxRFlsWlVESU01bXBoMzc4cmotZGRxWVdJSjg5LVRtUWYwLXVxNGI1QzR2R29iVThVVDJMZUVuOUx3dVMtM3FiaEFObUhNdG5VVW1WMGhORzhQQ3hBcXVYRzhnNnhDQlFLNw?oc=5
2026-09-21,BULL,Buana Lintas Lautan Tbk.,ok,21 Sep 13:55 WIB,Databoks Katadata,earnings,Pendapatan dan Laba Bersih BULL Cetak Rekor pada Semester I 2026,https://news.google.com/rss/articles/CBMixAFBVV95cUxPcmdrRmktWkxCeU1Qbjg1dWFuYW1Bcjhqd0hudkJBbk9QZXhWZ1kzNlFaTGpCWm8zXzhiX2ljZUc2bktuUFJGSkhJaVY3VVVvdEVTaUZnQmNMZHptRExzM2JqNEZMdERfeTBoak1pdzA2b2VQQUxjb25lMERfWTRqNHlsdGtWRWZIZi1qODhUZS10UE1GVGE2bXRiWU04aTYtN01YYy1YMlVjWV9EcVlob2lOaFQ5MjdtWHBzR0Y3QThnVjRT?oc=5
2026-09-21,BULL,Buana Lintas Lautan Tbk.,ok,21 Sep 11:28 WIB,Liputan6.com,,"Rekomendasi Saham 21 September 2026: INCO, ANTM, ARCI, MAPI, BULL hingga MBMA",https://news.google.com/rss/articles/CBMitwFBVV95cUxPVFZQT245SVF0a0ZybzBPbnNCdXpzeHdjbVMtUnpBOFk2b0tjQkNuRkU1TkYwektydjFwZlBwTHhPMEZBQ09VWDVUNHc1VGE3R2tlang3MlpwR3NOVDJzUGZnOEFtd1N5VWh3Qmg0MHF5b1RsdmxRMWEydnQ3X1ZacWlvU2dzT2lKU2NhRHpHNzJrZzNCWHg2azV5N0NUaEE3T2w1U0w1RFJoblZjSS1YSWpwTWlvR3PSAa4BQVVfeXFMUFJqNllkQjN1NFVqRDJGSXlYaFRteDJUaFhzMEpDN1IzLUdHeFZackhwYURyU3NyeC1KOEVVLURGcV9PYmdfVzNibzlhS0hmSVdscTExWmZZMGloVGNBM3hWX1VnV0JlNDZ1cHJQeVJHeDI0cEQyNzBqY1d6MWxaTTFmOGZweWxLWk5YRHR1all4anBkbm5lQmNUWk5VLWw1NDV4ODhhX1R4d3FvcGVB?oc=5
2026-09-21,BULL,Buana Lintas Lautan Tbk.,ok,21 Sep 10:54 WIB,Disway Malang,,"IHSG Masuk Zona Merah, Turun ke 6.429,45, Simak Level GGRM hingga BULL - malang.disway.id",https://news.google.com/rss/articles/CBMiowFBVV95cUxNS2M4RzZidVdoMEJhY0lZeTRGRy1FY1dyUlhrZTJuM0g4Z2xqNWdFLThQNmR0aExrNTVVREZGQXYwUHNYWVllN1Exdm15My13Sm5MYTdJQVZaaHBRcXViV2tsaXdkMG43Uk53WU9hU3hjd18yb1RsYmJPRnlfYThlQ1Y4TlprQTlqb1ZLajB2VWFIU3B4TWRMNmJBS2s1QzktLWpF0gGjAUFVX3lxTE1LYzhHNmJ1V2gwQmFjSVl5NEZHLUVjV3JSWGtlMm4zSDhnbGo1Z0UtOFA2ZHRoTGs1NVVERkZBdjBQc1hZWWU3UTF2bXkzLXdKbkxhN0lBVlpocFFxdWJXa2xpd2QwbjdSTndZT2FTeGN3XzJvVGxiYk9GeV9hOGVDVjhOWmtBOWpvVktqMHZVYUhTcHhNZEw2YkFLazVDOS0takU?oc=5
2026-09-21,BULL,Buana Lintas Lautan Tbk.,ok,21 Sep 08:45 WIB,TopBusiness.id,guidance/target,"Awal Pekan Pasar Diproyeksi Bearish, Empat Saham Ini Direkomendasikan: GGRM, MAPA, ARCI, dan BULL",https://news.google.com/rss/articles/CBMiywFBVV95cUxNOVFzNDZqc2pRVFprODctTmJ0ekJaeDdIMXZ6cXFQcklfTUpmd19iZWlTeDU3bFhaNXE2UXRSRkFZc1FWaFpKbXdfNEJ6R1dmVWFpQVZhNmJTQUFTb0x0RXZOSHg4UlR6enVUVWZnTTU0RThRRUZTOG1xemgyTWFkLVNxYnRxdXc3Z3dWVlJqN1JVT2Vad2xJQ2hvZDdhUVg0TGNpai1vR21hTmZKcUFFWU1SNjl1NVhzeFFNT2d5ODdETTJDZExDQ1R1dw?oc=5
2026-09-21,SQMI,Wilton Makmur Indonesia Tbk.,ok,18 Sep 05:49 WIB,KONTAN,,"Saham SQMI Rebound 12,64% ke Rp 98, Terlihat Big Distribution Sepanjang September",https://news.google.com/rss/articles/CBMisgFBVV95cUxOVWEzcXdKY0N5dWxidnVDeTdkaURUQkdaWExSdHBCZ2JzT0U3X1Vqb3FfZmlLdVdyQ3pZRTBMc2ItSUJlOXBwTmFoN2ZFZDI2djRnVDMzX0tnOHNjY2dIRUpiMms3TjdLVVYyUGNjWW1oMURlUzk2Q3RQdy14MVdoUEtNWlhzNUx2TGQ4NWNibm9XU0RzYnF0RVZBZkRFUTdnNGluRGxtVG91SVhENlhJMTN3?oc=5
